{
  "franka": {
    "action": {
      "mean": [
        0.047211095259273396,
        0.028835432314744554,
        -0.14858464242700486,
        -0.0025010019338400982,
        0.02640799051683206,
        0.027379877237877003,
        0.6299911609853582
      ],
      "std": [
        0.3968635591495828,
        0.34733656009878244,
        0.49238723462774936,
        0.05533565528229929,
        0.07844452738101591,
        0.1000774833020558,
        0.4828066880912882
      ],
      "max": [
        0.9375,
        0.9375,
        0.9375,
        0.3557142913341522,
        0.375,
        0.375,
        1.0
      ],
      "min": [
        -0.9375,
        -0.9375,
        -0.9375,
        -0.2582142949104309,
        -0.375,
        -0.2871428430080414,
        0.0
      ],
      "q01": [
        -0.8784910935163498,
        -0.7554831275049145,
        -0.9390467428380284,
        -0.15143237985504998,
        -0.16344428118865784,
        -0.13768515005583565,
        -0.350008839014642
      ],
      "q99": [
        0.9375,
        0.9116736289002432,
        0.9375,
        0.2035499147402831,
        0.26348229693248887,
        0.37485128039775273,
        1.0
      ],
      "mask": [
        true,
        true,
        true,
        true,
        true,
        true,
        false
      ]
    },
    "state": {
      "mean": [
        -0.09923511904982615,
        0.013597917654727953,
        1.0694536330558266,
        2.8289619376724375,
        0.30799128371455214,
        -0.274285722601313,
        0.028091998661191588,
        -0.027339309291976574
      ],
      "std": [
        0.11654021734269214,
        0.1147819153446844,
        0.10487845659463374,
        0.5570301155660432,
        0.7221671801886542,
        0.36479648848405394,
        0.01507471032344346,
        0.014991056779948867
      ],
      "max": [
        0.13579000532627106,
        0.33316105604171753,
        1.3660105466842651,
        3.473310708999634,
        2.6688623428344727,
        0.8255361318588257,
        0.04233968257904053,
        0.0010111660230904818
      ],
      "min": [
        -0.46141114830970764,
        -0.30129560828208923,
        0.9083037972450256,
        0.35277295112609863,
        -1.4858465194702148,
        -1.5227035284042358,
        -0.0013586411951109767,
        -0.042040832340717316
      ],
      "q01": [
        -0.4239882375134362,
        -0.27337881421309246,
        0.9112254515329997,
        1.3082934658026988,
        -0.6909253031317649,
        -1.13061044386455,
        0.0016726351002097322,
        -0.04033604801410048
      ],
      "q99": [
        0.08994173495151743,
        0.26475445782335916,
        1.2910078498335449,
        3.242607362672395,
        2.3368964156680643,
        0.46595239300863844,
        0.04061162931417546,
        -0.0014990631770011352
      ]
    },
    "num_transitions": 52042,
    "num_trajectories": 428
  }
}