{
    "__format_version": 3,
    "__cache_config": {
        "mode": "abs"
    },
    "statistics": {
        "observation.state": {
            "mean": [
                -0.024462566275968132,
                0.10653030423055722,
                1.058049591639278,
                3.0628550397555356,
                -0.10464046041435186,
                0.08307320497492619,
                0.01995460892103335,
                -0.02016269231944196
            ],
            "std": [
                0.1101479020007554,
                0.13784701836091565,
                0.10442820910213818,
                0.10451106005945048,
                0.4112112622787093,
                0.217669787877801,
                0.017260876996444192,
                0.017111656092531062
            ],
            "min": [
                -0.3095473051071167,
                -0.29250794649124146,
                0.9095591306686401,
                2.497488260269165,
                -1.8006486892700195,
                -0.7207611203193665,
                -0.0004703797458205372,
                -0.041536275297403336
            ],
            "max": [
                0.1759040206670761,
                0.3904820382595062,
                1.3290715217590332,
                3.4566118717193604,
                1.2268599271774292,
                1.0429412126541138,
                0.041053611785173416,
                0.000775813648942858
            ],
            "q01": [
                -0.27280348582544184,
                -0.2372145246887005,
                0.9159952258547025,
                2.7794526407224107,
                -1.3178552979454001,
                -0.41965811412875387,
                0.0015018304314455848,
                -0.03989764138900085
            ],
            "q99": [
                0.1352840442419053,
                0.3629437589909563,
                1.2864435841207922,
                3.283068654260986,
                0.9335336795410559,
                0.6329537830529396,
                0.039934034309146146,
                -0.0016679912251466667
            ]
        },
        "action": {
            "mean": [
                0.1531248819412552,
                0.13707241622482924,
                -0.15526778955347584,
                -0.005176474564925994,
                -0.011208756992425769,
                -0.020194254174294216,
                0.45788181989805565
            ],
            "std": [
                0.41273132311583854,
                0.34726656342608536,
                0.5086747170381735,
                0.03726436021826603,
                0.07244919066589194,
                0.05762335989137051,
                0.49822290082341686
            ],
            "min": [
                -0.9375,
                -0.9375,
                -0.9375,
                -0.1875,
                -0.3675000071525574,
                -0.36000001430511475,
                0.0
            ],
            "max": [
                0.9375,
                0.9375,
                0.9375,
                0.1971428543329239,
                0.33642858266830444,
                0.375,
                1.0
            ],
            "q01": [
                -0.74610389362682,
                -0.6600933397784621,
                -0.9393726995180807,
                -0.10684216635361794,
                -0.20664705388686236,
                -0.18452127078438507,
                -0.5221181801019444
            ],
            "q99": [
                0.9375,
                0.875460433241833,
                0.9321811190673288,
                0.10353428691625607,
                0.17690530959949957,
                0.14601039232629748,
                1.0
            ]
        }
    }
}