{
    "__format_version": 3,
    "__cache_config": {
        "mode": "abs"
    },
    "statistics": {
        "observation.state": {
            "mean": [
                -0.029990378529160082,
                -0.007947121239082191,
                0.20293400435968237,
                3.108609840798859,
                -0.21404782424724414,
                -0.11307032710976746,
                0.029380400641983488,
                -0.030556620748909295
            ],
            "std": [
                0.06694907687319085,
                0.1760851612964892,
                0.07807079982637377,
                0.08684873589011687,
                0.33540587253056714,
                0.20728470498763313,
                0.009565783206297961,
                0.009197499010363711
            ],
            "min": [
                -0.1765444278717041,
                -0.29457300901412964,
                0.008128180168569088,
                2.2890501022338867,
                -1.883241891860962,
                -1.0600427389144897,
                0.0006495157140307128,
                -0.041782498359680176
            ],
            "max": [
                0.14580604434013367,
                0.33216384053230286,
                0.3857804834842682,
                3.4003844261169434,
                0.7954911589622498,
                0.6642207503318787,
                0.04104341194033623,
                -0.00018117300351150334
            ],
            "q01": [
                -0.14913453719251438,
                -0.2598139208830944,
                0.009924031196495459,
                2.7542665195253164,
                -1.3996754812921794,
                -0.6869385582211065,
                0.008207284692222733,
                -0.040161870620263516
            ],
            "q99": [
                0.09062298693572705,
                0.29065105219989273,
                0.3371076401747949,
                3.261361625437261,
                0.32074201006129205,
                0.40349154916711416,
                0.03989197028080915,
                -0.009113185394248052
            ]
        },
        "action": {
            "mean": [
                0.07096490792192718,
                0.13498889868399877,
                -0.04601373350950554,
                0.0012352043557581633,
                0.006998803557941983,
                -0.01502752791021633,
                0.4642899796966442
            ],
            "std": [
                0.2681190179724965,
                0.438444383940681,
                0.4475117259351645,
                0.02444821999972922,
                0.04936209148786637,
                0.04210349609429795,
                0.49872316414012074
            ],
            "min": [
                -0.8839285969734192,
                -0.9375,
                -0.9375,
                -0.15000000596046448,
                -0.29035714268684387,
                -0.32892856001853943,
                0.0
            ],
            "max": [
                0.9375,
                0.8919642567634583,
                0.9375,
                0.17678570747375488,
                0.35035714507102966,
                0.1810714304447174,
                1.0
            ],
            "q01": [
                -0.5388024402906497,
                -0.8757214488983155,
                -0.9354205040863226,
                -0.06991428583860397,
                -0.11681930334181401,
                -0.15962143152952196,
                -0.515710020303356
            ],
            "q99": [
                0.8453811586725304,
                0.8445279695135524,
                0.9375,
                0.08184084701286246,
                0.1487544705582361,
                0.08672597138267586,
                1.0
            ]
        }
    }
}