{
    "__format_version": 3,
    "__cache_config": {
        "mode": "abs"
    },
    "statistics": {
        "observation.state": {
            "mean": [
                -0.04190646667113346,
                0.035394378619064394,
                0.8257066574806063,
                2.9083157285624552,
                -0.5562158698023711,
                -0.16649103604504484,
                0.028315347201418165,
                -0.028561559006870324
            ],
            "std": [
                0.10743443935859397,
                0.14424759871808351,
                0.25723375208158933,
                0.3441380799187593,
                1.2344301651764356,
                0.357988069931514,
                0.013308786684441565,
                0.013174591433630185
            ],
            "min": [
                -0.4828203022480011,
                -0.3255046010017395,
                0.445506751537323,
                1.1321442127227783,
                -3.641430377960205,
                -1.842738389968872,
                -0.0010040868073701859,
                -0.04111652821302414
            ],
            "max": [
                0.21031762659549713,
                0.39128610491752625,
                1.3332009315490723,
                3.6714255809783936,
                3.560650587081909,
                1.386339545249939,
                0.04160946607589722,
                0.0013633022317662835
            ],
            "q01": [
                -0.38982276943832406,
                -0.2838129404496905,
                0.44795015245684,
                1.8805123546918983,
                -2.886984415816119,
                -1.1600141150266066,
                0.002065112325992018,
                -0.040013854075999826
            ],
            "q99": [
                0.15293289318023354,
                0.3291916377589987,
                1.2547152630759664,
                3.303549484973868,
                2.7508797632615045,
                0.6894658579499059,
                0.04004949027016251,
                -0.0017577627625589727
            ]
        },
        "action": {
            "mean": [
                0.0182032196804975,
                0.058583867270545396,
                -0.05592356319803356,
                0.004626933911213623,
                0.0028960780369297096,
                -0.0076731352274495394,
                0.5457824557253945
            ],
            "std": [
                0.28252488835397815,
                0.3590114058634939,
                0.36740898384382153,
                0.037706183392874126,
                0.05429303267556947,
                0.08724782901514463,
                0.497899554878042
            ],
            "min": [
                -0.9375,
                -0.9375,
                -0.9375,
                -0.23642857372760773,
                -0.3053571283817291,
                -0.3675000071525574,
                0.0
            ],
            "max": [
                0.9375,
                0.9375,
                0.9375,
                0.30000001192092896,
                0.29357144236564636,
                0.375,
                1.0
            ],
            "q01": [
                -0.6333986464510531,
                -0.7729612311162055,
                -0.7625144958271172,
                -0.09767292141300589,
                -0.1485841829223292,
                -0.27476171441577685,
                -0.43421754427460607
            ],
            "q99": [
                0.7724773952431147,
                0.8473890538358948,
                0.9374395998313272,
                0.13914928553501754,
                0.1599733514921448,
                0.3249221371303663,
                1.0
            ]
        }
    }
}